filename,width,height,class,xmin,ymin,xmax,ymax
KipKuilW (36).jpg,1062,598,chicken,122,263,249,474
KipKuilW (136).jpg,1062,598,chicken,781,210,832,329
CupTray (105).jpg,1062,598,cup,496,227,535,271
KipKuilW (94).jpg,1062,598,chicken,104,324,229,480
Egg (73).jpg,326,580,egg,106,242,226,346
Egg (17).jpg,374,664,egg,154,304,210,355
harmniels_img (42).jpg,378,504,egg,103,163,165,239
harmniels_img (42).jpg,378,504,egg,301,171,354,236
harmniels_img (15).jpg,504,378,egg,335,169,448,264
harmniels_img (15).jpg,504,378,egg,448,145,504,221
Egg (97).jpg,580,326,egg,276,155,319,190
egg (9).jpg,580,326,egg,267,142,291,160
Egg (158).jpg,580,326,egg,267,173,300,214
Egg (158).jpg,580,326,egg,402,152,439,192
Kip (80).jpg,374,664,chicken,1,193,238,526
Egg (30).jpg,374,664,egg,117,306,215,427
Kip (79).jpg,374,664,chicken,28,193,270,484
Egg (74).jpg,326,580,egg,92,193,210,295
KipKuilW (33).jpg,1062,598,chicken,443,201,540,403
KipKuilW (7).jpg,1062,598,chicken,387,335,569,560
training_klaas (16).jpg,580,326,stairs,106,1,520,270
KipKuilW (65).jpg,1062,598,chicken,708,225,833,364
wytze_imgA (17).jpg,664,374,tray,152,5,455,247
harmniels_img (39).jpg,504,378,egg,239,79,283,122
harmniels_img (39).jpg,504,378,egg,111,79,145,118
egg (51).jpg,580,326,egg,301,86,316,102
harmniels_img (17).jpg,504,378,egg,216,100,287,192
red_tray (23).jpg,504,378,tray,108,45,312,199
CupTray (75).jpg,1062,598,tray,296,173,619,427
Egg (101).jpg,326,580,egg,89,228,131,264
wytze_imgA (4).jpg,664,374,tray,239,8,469,218
KipKuilW (119).jpg,1062,598,chicken,259,112,404,272
Egg (142).jpg,580,326,egg,137,71,175,114
Egg (167).jpg,580,326,egg,285,50,351,103
Egg (167).jpg,580,326,egg,304,16,354,50
Kip (61).jpg,374,664,chicken,111,191,216,316
Kip (37).jpg,374,664,chicken,2,212,185,428
Egg (85).jpg,580,326,egg,426,100,549,254
sybrog_img (59).jpg,1200,1600,tray,442,672,766,938
Kip (64).jpg,374,664,chicken,157,193,233,301
harmniels_img (7).jpg,504,378,egg,182,186,348,325
harmniels_img (7).jpg,504,378,egg,263,115,416,224
CupTray (84).jpg,1062,598,cup,387,382,441,453
CupTray (84).jpg,1062,598,tray,654,311,778,429
CupTray (25).jpg,1062,598,cup,478,414,587,564
CupTray (25).jpg,1062,598,tray,484,154,636,344
Kip (94).jpg,374,664,chicken,53,190,289,468
Kip (73).jpg,374,664,chicken,121,254,242,397
CupTray (94).jpg,1062,598,tray,194,266,405,418
Egg (243).jpg,580,326,egg,210,110,330,217
CupTray (27).jpg,1062,598,cup,482,343,563,452
CupTray (27).jpg,1062,598,tray,504,187,633,324
KipKuilW (140).jpg,1062,598,chicken,209,226,267,390
egg (19).jpg,580,326,egg,313,101,331,118
Egg (166).jpg,664,374,egg,175,18,325,197
Egg (72).jpg,326,580,egg,96,181,231,295
red_tray (5).jpg,504,378,tray,194,116,374,261
Egg (25).jpg,374,664,egg,1,226,90,340
harmniels_img (37).jpg,378,504,egg,127,133,177,172
harmniels_img (37).jpg,378,504,egg,195,263,239,320
CupTray (85).jpg,1062,598,cup,61,352,133,424
CupTray (85).jpg,1062,598,tray,331,247,472,365
KipKuilW (69).jpg,1062,598,chicken,840,346,979,489
Kip (91).jpg,374,664,chicken,109,267,202,430
Kip (15).jpg,374,664,chicken,71,156,278,445
Egg (203).jpg,580,326,egg,255,103,327,166
Egg (165).jpg,374,664,egg,80,164,213,297
KipKuilW (160).jpg,1062,598,chicken,357,236,457,349
KipKuilW (114).jpg,1062,598,chicken,484,339,594,481
KipKuilW (111).jpg,1062,598,chicken,742,326,867,474
Egg (141).jpg,326,580,egg,192,195,231,229
Egg (242).jpg,580,326,egg,265,45,380,145
harmniels_img (35).jpg,378,504,egg,180,226,224,272
harmniels_img (35).jpg,378,504,egg,153,284,228,364
training_klaas (3).jpg,326,580,stairs,1,122,326,509
Egg (90).jpg,326,580,egg,34,135,86,185
Egg (24).jpg,374,664,egg,164,268,219,319
egg (46).jpg,580,326,egg,330,85,347,99
KipKuilW (87).jpg,1062,598,chicken,2,399,82,561
CupTray (35).jpg,1062,598,cup,657,430,746,551
KipKuilW (14).jpg,1062,598,chicken,405,205,583,546
Egg (191).jpg,580,326,egg,222,31,273,82
KipKuilW (5).jpg,1062,598,chicken,359,351,535,581
red_tray (7).jpg,504,378,tray,223,99,405,223
Egg (195).jpg,326,580,egg,123,262,183,306
CupTray (74).jpg,1062,598,tray,388,212,678,444
Egg (31).jpg,374,664,egg,86,196,249,339
CupTray (5).jpg,1062,598,tray,483,241,677,414
red_tray (20).jpg,504,378,tray,107,50,349,261
KipKuilW (71).jpg,1062,598,chicken,900,338,1035,481
Kip (71).jpg,374,664,chicken,68,234,247,413
Egg (168).jpg,664,374,egg,92,77,388,323
Kip (93).jpg,374,664,chicken,68,219,271,440
training_klaas (12).jpg,580,326,stairs,104,1,504,148
CupTray (13).jpg,1062,598,tray,406,312,675,540
Egg (146).jpg,374,664,egg,167,305,220,367
egg (67).jpg,580,326,egg,293,128,307,142
Kip (36).jpg,374,664,chicken,8,170,313,438
KipKuilW (138).jpg,1062,598,chicken,871,221,928,337
Egg (112).jpg,580,326,egg,351,186,386,227
Egg (96).jpg,580,326,egg,273,161,313,197
KipKuilW (126).jpg,1062,598,chicken,923,128,1062,306
wytze_imgA (11).jpg,664,374,tray,53,13,462,308
harmniels_img (57).jpg,378,504,egg,121,204,167,243
harmniels_img (57).jpg,378,504,egg,122,327,178,373
Egg (144).jpg,374,664,egg,118,335,185,410
CupTray (107).jpg,1062,598,cup,500,367,532,415
harmniels_img (11).jpg,504,378,egg,155,54,239,144
CupTray (32).jpg,1062,598,cup,720,415,808,530
CupTray (32).jpg,1062,598,tray,1,260,98,464
CupTray (81).jpg,1062,598,tray,74,179,418,427
harmniels_img (12).jpg,504,378,egg,212,105,354,252
egg (60).jpg,580,326,egg,315,90,332,104
egg (38).jpg,580,326,egg,327,82,347,99
KipKuilW (95).jpg,1062,598,chicken,123,315,354,567
KipKuilW (67).jpg,1062,598,chicken,795,343,924,488
KipKuilW (108).jpg,1062,598,chicken,978,365,1062,515
wytze_imgA (74).jpg,374,664,egg,159,414,195,475
sybrog_img (4).jpg,1200,1600,egg,590,674,680,740
Egg (77).jpg,326,580,egg,103,349,216,438
KipKuilW (171).jpg,1062,598,chicken,690,284,800,399
KipKuilW (125).jpg,1062,598,chicken,865,126,1029,303
wytze_imgA (27).jpg,664,374,egg,198,93,354,222
Kip (53).jpg,374,664,chicken,20,216,287,485
wytze_imgA (35).jpg,664,374,tray,1,88,322,374
wytze_imgA (35).jpg,664,374,egg,319,201,364,256
sybrog_img (2).jpg,1200,1600,egg,508,722,641,821
KipKuilW (147).jpg,1062,598,chicken,172,67,246,229
KipKuilW (137).jpg,1062,598,chicken,824,194,879,329
red_tray (28).jpg,504,378,tray,170,75,299,182
Egg (131).jpg,580,326,egg,253,87,292,127
KipKuilW (35).jpg,1062,598,chicken,417,218,521,418
red_tray (18).jpg,504,378,tray,120,51,329,254
KipKuilW (1).jpg,1062,598,chicken,458,172,611,391
CupTray (66).jpg,1062,598,tray,662,228,837,393
CupTray (66).jpg,1062,598,cup,227,443,331,580
Egg (80).jpg,326,580,egg,39,139,171,274
CupTray (45).jpg,1062,598,cup,283,368,399,515
wytze_imgA (68).jpg,664,374,tray_front,285,97,340,143
Egg (178).jpg,374,664,egg,1,172,162,365
CupTray (43).jpg,1062,598,cup,172,442,299,594
KipKuilW (16).jpg,1062,598,chicken,433,234,656,499
training_klaas (14).jpg,580,326,stairs,105,20,494,267
Egg (117).jpg,580,326,egg,290,171,345,236
Egg (68).jpg,374,664,egg,130,254,194,333
Kip (84).jpg,374,664,chicken,196,269,299,404
Egg (241).jpg,580,326,egg,240,1,329,77
KipKuilW (68).jpg,1062,598,chicken,822,347,962,490
Egg (212).jpg,580,326,egg,364,173,414,216
egg (32).jpg,580,326,egg,322,64,340,78
Kip (51).jpg,374,664,chicken,75,313,256,556
CupTray (38).jpg,1062,598,cup,516,324,644,494
EggW (4).jpg,598,1062,egg,93,529,130,566
KipKuilW (120).jpg,1062,598,chicken,345,105,482,268
Egg (174).jpg,664,374,egg,276,53,347,115
Egg (36).jpg,374,664,egg,117,336,186,413
CupTray (31).jpg,1062,598,cup,757,406,845,517
CupTray (31).jpg,1062,598,tray,36,234,210,417
red_tray (17).jpg,504,378,tray,21,18,504,270
Kip (31).jpg,374,664,chicken,61,158,373,524
sybrog_img (43).jpg,1200,1600,egg,486,725,570,794
sybrog_img (43).jpg,1200,1600,tray,547,458,930,753
training_klaas (4).jpg,580,326,stairs,60,7,480,290
KipKuilW (124).jpg,1062,598,chicken,818,128,968,303
Kip (39).jpg,374,664,chicken,42,202,285,456
Egg (107).jpg,580,326,egg,296,152,334,192
red_tray (11).jpg,504,378,tray_left,142,92,288,274
Kip (85).jpg,374,664,chicken,104,245,248,426
Kip (57).jpg,374,664,chicken,33,199,280,523
egg (22).jpg,580,326,egg,279,92,295,104
Kip (40).jpg,374,664,chicken,94,216,250,403
Kip (50).jpg,374,664,chicken,194,241,337,512
Egg (202).jpg,580,326,egg,344,65,427,139
KipKuilW (107).jpg,1062,598,chicken,2,374,107,548
training_klaas (21).jpg,580,326,stairs,128,1,563,301
egg (35).jpg,580,326,egg,300,55,316,70
CupTray (69).jpg,1062,598,cup,707,387,808,513
Egg (95).jpg,326,580,egg,176,273,242,336
Egg (204).jpg,580,326,egg,283,156,338,217
CupTray (4).jpg,1062,598,tray,368,253,643,459
KipKuilW (81).jpg,1062,598,chicken,643,379,733,519
egg (58).jpg,580,326,egg,301,137,317,150
CupTray (44).jpg,1062,598,cup,165,389,288,541
KipKuilW (84).jpg,1062,598,chicken,857,401,962,559
KipKuilW (157).jpg,1062,598,chicken,328,142,429,263
KipKuilW (39).jpg,1062,598,chicken,86,214,229,434
sybrog_img (51).jpg,1200,1600,tray,549,412,781,685
harmniels_img (44).jpg,378,504,egg,85,182,143,249
harmniels_img (44).jpg,378,504,egg,267,188,315,249
wytze_imgA (43).jpg,664,374,egg,536,93,664,226
egg (41).jpg,580,326,egg,320,100,337,115
Egg (6).jpg,374,664,egg,141,265,233,377
egg (36).jpg,580,326,egg,296,79,312,92
Egg (113).jpg,580,326,egg,339,175,375,218
Kip (58).jpg,374,664,chicken,1,160,268,541
red_tray (10).jpg,504,378,tray_right,197,123,314,210
CupTray (73).jpg,1062,598,tray,349,131,648,361
KipKuilW (99).jpg,1062,598,chicken,528,260,729,498
Kip (52).jpg,374,664,chicken,29,285,285,535
KipKuilW (37).jpg,1062,598,chicken,45,243,180,466
KipKuilW (44).jpg,1062,598,chicken,367,214,473,340
Egg (75).jpg,326,580,egg,112,324,230,416
CupTray (22).jpg,1062,598,cup,588,353,693,498
CupTray (22).jpg,1062,598,tray,438,121,632,303
CupTray (93).jpg,1062,598,tray,80,284,237,407
Kip (98).jpg,374,664,chicken,2,94,241,345
KipKuilW (64).jpg,1062,598,chicken,630,188,743,321
Kip (19).jpg,374,664,chicken,124,220,346,456
CupTray (23).jpg,1062,598,cup,615,385,718,528
CupTray (23).jpg,1062,598,tray,403,153,615,337
Egg (240).jpg,580,326,egg,203,13,283,95
wytze_imgA (40).jpg,664,374,egg,265,91,402,202
Egg (140).jpg,326,580,egg,190,199,230,236
Egg (172).jpg,664,374,egg,243,81,373,218
Egg (76).jpg,326,580,egg,87,364,198,453
KipKuilW (97).jpg,1062,598,chicken,271,240,499,475
KipKuilW (142).jpg,1062,598,chicken,84,280,137,407
egg (25).jpg,580,326,egg,292,77,314,95
Kip (55).jpg,374,664,chicken,9,162,303,491
Kip (72).jpg,374,664,chicken,108,226,268,413
egg (42).jpg,580,326,egg,249,117,279,141
sybrog_img (58).jpg,1200,1600,egg,821,911,962,1058
egg (37).jpg,580,326,egg,324,105,349,124
Kip (62).jpg,374,664,chicken,138,182,261,333
Kip (97).jpg,374,664,chicken,1,25,374,565
CupTray (109).jpg,1062,598,cup,500,479,541,527
CupTray (64).jpg,1062,598,tray,524,256,781,463
CupTray (106).jpg,1062,598,cup,496,302,532,347
CupTray (87).jpg,1062,598,cup,119,377,182,455
CupTray (87).jpg,1062,598,tray,377,279,515,392
sybrog_img (21).jpg,1200,1600,egg,508,778,589,837
sybrog_img (21).jpg,1200,1600,tray,474,507,810,770
harmniels_img (19).jpg,504,378,egg,224,77,288,162
CupTray (83).jpg,1062,598,tray,172,194,491,431
egg (57).jpg,580,326,egg,306,129,324,143
Egg (88).jpg,326,580,egg,34,36,326,277
harmniels_img (4).jpg,504,378,egg,138,124,309,277
harmniels_img (4).jpg,504,378,egg,257,89,419,217
training_klaas (32).jpg,580,326,stairs,20,1,429,204
Egg (159).jpg,580,326,egg,107,112,157,170
Egg (159).jpg,580,326,egg,321,103,372,162
Egg (22).jpg,374,664,egg,118,322,165,362
Egg (47).jpg,374,664,egg,17,248,233,459
Kip (27).jpg,374,664,chicken,31,166,206,373
CupTray (77).jpg,1062,598,tray,18,181,369,436
Egg (104).jpg,580,326,egg,233,178,271,224
Egg (249).jpg,580,326,egg,239,85,295,137
harmniels_img (26).jpg,504,378,egg,209,126,267,194
sybrog_img (41).jpg,1200,1600,egg,500,844,602,927
sybrog_img (41).jpg,1200,1600,tray,578,548,1039,892
Kip (46).jpg,374,664,chicken,97,298,276,562
Egg (54).jpg,374,664,egg,162,337,206,396
CupTray (68).jpg,1062,598,cup,717,466,817,596
Egg (109).jpg,580,326,egg,252,33,301,86
egg (45).jpg,580,326,egg,319,98,342,116
CupTray (37).jpg,1062,598,cup,469,309,580,455
CupTray (12).jpg,1062,598,tray,477,291,749,518
KipKuilW (23).jpg,1062,598,chicken,287,303,485,543
Kip (48).jpg,374,664,chicken,103,195,279,447
Egg (206).jpg,580,326,egg,296,160,348,225
Egg (15).jpg,374,664,egg,169,281,217,340
Egg (16).jpg,374,664,egg,160,295,209,352
Egg (105).jpg,580,326,egg,227,183,270,226
Egg (217).jpg,580,326,egg,275,184,344,238
sybrog_img (46).jpg,1200,1600,egg,564,668,618,715
sybrog_img (46).jpg,1200,1600,tray,588,563,776,699
sybrog_img (37).jpg,1200,1600,egg,437,790,570,904
sybrog_img (37).jpg,1200,1600,tray,539,407,1110,829
harmniels_img (14).jpg,504,378,egg,67,137,173,228
harmniels_img (14).jpg,504,378,egg,223,118,316,192
CupTray (70).jpg,1062,598,tray,36,231,282,453
KipKuilW (52).jpg,1062,598,chicken,484,286,590,399
Egg (114).jpg,580,326,egg,300,144,335,183
CupTray (95).jpg,1062,598,tray,218,335,425,488
Kip (99).jpg,374,664,chicken,29,90,212,296
CupTray (88).jpg,1062,598,cup,56,388,127,474
CupTray (88).jpg,1062,598,tray,321,287,468,411
wytze_imgA (19).jpg,664,374,egg,109,170,179,224
wytze_imgA (19).jpg,664,374,tray,286,29,461,185
CupTray (19).jpg,1062,598,cup,445,347,549,487
CupTray (19).jpg,1062,598,tray,577,109,790,302
Egg (238).jpg,580,326,egg,302,87,432,224
KipKuilW (32).jpg,1062,598,chicken,322,199,517,501
training_klaas (29).jpg,580,326,stairs,148,35,431,187
sybrog_img (63).jpg,1200,1600,tray,539,697,888,975
sybrog_img (45).jpg,1200,1600,egg,350,811,414,860
sybrog_img (45).jpg,1200,1600,tray,559,712,803,899
training_klaas (8).jpg,580,326,stairs,1,1,580,237
Egg (84).jpg,580,326,egg,306,27,435,160
Egg (246).jpg,580,326,egg,213,123,349,230
KipKuilW (141).jpg,1062,598,chicken,141,251,195,388
Kip (90).jpg,374,664,chicken,154,228,225,341
CupTray (104).jpg,1062,598,cup,495,177,529,223
KipKuilW (152).jpg,1062,598,chicken,377,53,480,178
CupTray (76).jpg,1062,598,tray,1,188,333,450
harmniels_img (38).jpg,378,504,egg,132,134,180,172
harmniels_img (38).jpg,378,504,egg,198,270,243,323
harmniels_img (34).jpg,378,504,egg,82,110,128,174
harmniels_img (34).jpg,378,504,egg,78,301,127,373
harmniels_img (21).jpg,504,378,egg,239,75,300,152
Egg (210).jpg,580,326,egg,296,166,339,215
KipKuilW (133).jpg,1062,598,chicken,613,209,661,326
Egg (130).jpg,580,326,egg,330,135,371,174
KipKuilW (8).jpg,1062,598,chicken,398,338,580,563
harmniels_img (36).jpg,378,504,egg,224,226,276,272
harmniels_img (36).jpg,378,504,egg,100,309,166,368
egg (13).jpg,580,326,egg,297,101,320,120
Egg (111).jpg,580,326,egg,320,175,365,220
CupTray (3).jpg,1062,598,tray,392,161,640,351
Kip (21).jpg,374,664,chicken,42,242,268,468
wytze_imgA (42).jpg,664,374,egg,319,104,446,219
CupTray (61).jpg,1062,598,tray,599,323,825,551
KipKuilW (166).jpg,1062,598,chicken,545,251,640,364
wytze_imgA (21).jpg,664,374,egg,302,145,369,196
wytze_imgA (21).jpg,664,374,tray,152,23,474,291
KipKuilW (151).jpg,1062,598,chicken,381,50,485,178
wytze_imgA (51).jpg,664,374,tray,165,19,534,239
Kip (59).jpg,374,664,chicken,1,183,244,566
CupTray (92).jpg,1062,598,tray,145,277,281,393
Egg (28).jpg,374,664,egg,97,254,214,355
Kip (88).jpg,374,664,chicken,150,139,311,345
red_tray (2).jpg,504,378,tray,140,77,322,200
CupTray (39).jpg,1062,598,cup,771,286,900,443
wytze_imgA (37).jpg,664,374,egg,252,119,354,221
Egg (83).jpg,580,326,egg,308,24,433,154
Kip (17).jpg,374,664,chicken,62,151,287,548
wytze_imgA (12).jpg,664,374,tray,141,15,487,252
KipKuilW (25).jpg,1062,598,chicken,434,268,634,515
Kip (18).jpg,374,664,chicken,114,187,268,371
KipKuilW (80).jpg,1062,598,chicken,643,246,743,412
CupTray (54).jpg,1062,598,cup,483,151,677,398
CupTray (54).jpg,1062,598,tray,752,1,868,114
KipKuilW (63).jpg,1062,598,chicken,569,190,695,319
KipKuilW (105).jpg,1062,598,chicken,57,294,207,455
Egg (189).jpg,580,326,egg,191,56,289,154
KipKuilW (27).jpg,1062,598,chicken,372,199,617,460
Egg (207).jpg,580,326,egg,335,151,380,203
KipKuilW (145).jpg,1062,598,chicken,18,65,112,251
Egg (180).jpg,374,664,egg,89,286,281,469
Egg (173).jpg,580,326,egg,218,145,299,214
Egg (173).jpg,580,326,egg,381,88,447,138
Egg (250).jpg,580,326,egg,229,84,286,136
red_tray (4).jpg,504,378,tray,197,118,377,265
egg (44).jpg,580,326,egg,326,98,341,112
CupTray (9).jpg,1062,598,tray,445,288,707,523
wytze_imgA (24).jpg,664,374,tray,196,49,468,236
KipKuilW (154).jpg,1062,598,chicken,368,142,468,261
Egg (200).jpg,580,326,egg,335,46,408,107
red_tray (6).jpg,504,378,tray,124,102,319,272
red_tray (9).jpg,504,378,tray_right,233,115,331,214
Kip (54).jpg,374,664,chicken,104,208,374,521
KipKuilW (54).jpg,1062,598,chicken,466,178,573,287
CupTray (26).jpg,1062,598,cup,479,440,565,554
CupTray (26).jpg,1062,598,tray,493,249,620,393
KipKuilW (129).jpg,1062,598,chicken,392,196,438,331
harmniels_img (22).jpg,504,378,egg,229,147,293,225
CupTray (24).jpg,1062,598,tray,399,162,627,356
CupTray (24).jpg,1062,598,cup,654,399,767,554
harmniels_img (52).jpg,504,378,egg,84,66,141,110
harmniels_img (52).jpg,504,378,egg,321,65,380,123
Kip (43).jpg,374,664,chicken,1,230,185,489
KipKuilW (58).jpg,1062,598,chicken,448,226,568,341
sybrog_img (5).jpg,1200,1600,egg,407,760,486,830
CupTray (47).jpg,1062,598,tray,150,193,382,388
KipKuilW (82).jpg,1062,598,chicken,600,379,681,519
Kip (100).jpg,374,664,chicken,83,251,250,476
sybrog_img (7).jpg,1200,1600,egg,301,965,381,1023
red_tray (8).jpg,504,378,tray,143,99,322,208
Kip (66).jpg,374,664,chicken,68,173,188,312
KipKuilW (59).jpg,1062,598,chicken,521,209,641,338
KipKuilW (169).jpg,1062,598,chicken,605,264,705,380
wytze_imgA (3).jpg,374,664,egg,116,325,218,411
Egg (247).jpg,580,326,egg,267,117,412,227
wytze_imgA (36).jpg,664,374,egg,213,93,314,193
egg (48).jpg,580,326,egg,254,98,274,116
wytze_imgA (39).jpg,664,374,egg,246,192,394,364
CupTray (63).jpg,1062,598,tray,519,316,795,538
training_klaas (9).jpg,580,326,stairs,28,1,580,285
wytze_imgA (41).jpg,664,374,egg,172,76,292,177
KipKuilW (118).jpg,1062,598,chicken,185,114,340,285
egg (21).jpg,580,326,egg,296,103,318,120
CupTray (71).jpg,1062,598,tray,320,99,625,330
KipKuilW (167).jpg,1062,598,chicken,567,253,663,371
egg (27).jpg,580,326,egg,323,84,345,104
Egg (70).jpg,326,580,egg,117,271,242,367
Kip (35).jpg,374,664,chicken,1,123,306,436
CupTray (21).jpg,1062,598,cup,547,341,650,482
CupTray (21).jpg,1062,598,tray,459,94,634,280
Egg (35).jpg,374,664,egg,107,307,303,480
Kip (75).jpg,374,664,chicken,101,281,279,430
KipKuilW (47).jpg,1062,598,chicken,969,272,1062,418
KipKuilW (42).jpg,1062,598,chicken,191,192,311,325
CupTray (11).jpg,1062,598,tray,473,293,724,534
Egg (196).jpg,326,580,egg,26,239,238,395
Egg (89).jpg,326,580,egg,70,194,119,234
red_tray (15).jpg,504,378,tray,87,20,427,221
KipKuilW (117).jpg,1062,598,chicken,93,344,231,498
Egg (127).jpg,580,326,egg,270,92,316,142
Kip (45).jpg,374,664,chicken,119,234,274,483
harmniels_img (13).jpg,504,378,egg,140,116,244,196
harmniels_img (13).jpg,504,378,egg,1,138,81,253
sybrog_img (3).jpg,1200,1600,egg,483,758,736,950
KipKuilW (2).jpg,1062,598,chicken,424,160,591,380
wytze_imgA (31).jpg,664,374,egg,296,104,388,213
red_tray (25).jpg,504,378,tray,199,100,311,181
KipKuilW (170).jpg,1062,598,chicken,663,277,766,397
KipKuilW (48).jpg,1062,598,chicken,456,351,569,462
KipKuilW (153).jpg,1062,598,chicken,377,102,481,222
CupTray (33).jpg,1062,598,cup,637,419,721,540
CupTray (89).jpg,1062,598,cup,41,392,120,472
CupTray (89).jpg,1062,598,tray,315,290,460,412
wytze_imgA (34).jpg,664,374,egg,313,107,365,170
wytze_imgA (34).jpg,664,374,tray,1,1,317,272
KipKuilW (29).jpg,1062,598,chicken,1,168,222,496
Kip (96).jpg,374,664,chicken,3,151,304,572
CupTray (49).jpg,1062,598,tray,595,248,815,437
red_tray (3).jpg,504,378,tray,159,78,343,207
Egg (214).jpg,580,326,egg,318,178,377,223
CupTray (2).jpg,1062,598,tray,443,184,637,365
harmniels_img (60).jpg,504,378,egg,141,168,196,231
harmniels_img (60).jpg,504,378,egg,332,147,391,218
KipKuilW (112).jpg,1062,598,chicken,643,327,761,472
CupTray (72).jpg,1062,598,tray,354,129,659,363
Kip (87).jpg,374,664,chicken,1,70,373,593
CupTray (46).jpg,1062,598,cup,197,425,320,568
training_klaas (30).jpg,580,326,stairs,191,1,464,78
KipKuilW (6).jpg,1062,598,chicken,378,354,556,584
KipKuilW (61).jpg,1062,598,chicken,502,205,619,328
Egg (128).jpg,580,326,egg,273,73,328,131
KipKuilW (135).jpg,1062,598,chicken,743,205,791,324
sybrog_img (47).jpg,1200,1600,egg,286,880,355,930
sybrog_img (47).jpg,1200,1600,tray,471,670,715,875
Egg (145).jpg,580,326,egg,261,97,298,134
CupTray (90).jpg,1062,598,cup,868,350,936,434
KipKuilW (134).jpg,1062,598,chicken,708,206,753,321
Egg (132).jpg,580,326,egg,262,147,343,226
KipKuilW (11).jpg,1062,598,chicken,481,237,659,572
Kip (30).jpg,374,664,chicken,61,143,373,490
egg (50).jpg,580,326,egg,323,82,339,95
Kip (86).jpg,374,664,chicken,66,216,314,510
Egg (152).jpg,580,326,egg,238,131,291,172
Egg (5).jpg,374,664,egg,167,365,208,415
egg (23).jpg,580,326,egg,304,77,320,91
KipKuilW (116).jpg,1062,598,chicken,225,328,353,480
EggW (2).jpg,598,1062,egg,273,523,325,574
CupTray (42).jpg,1062,598,cup,149,304,283,463
sybrog_img (36).jpg,1200,1600,egg,458,703,532,762
sybrog_img (36).jpg,1200,1600,tray,527,519,859,794
Kip (77).jpg,374,664,chicken,87,318,269,484
KipKuilW (55).jpg,1062,598,chicken,506,222,613,321
KipKuilW (102).jpg,1062,598,chicken,232,323,359,476
Egg (151).jpg,580,326,egg,354,74,406,121
KipKuilW (161).jpg,1062,598,chicken,411,234,509,351
KipKuilW (73).jpg,1062,598,chicken,825,232,946,410
KipKuilW (60).jpg,1062,598,chicken,448,215,574,342
KipKuilW (106).jpg,1062,598,chicken,2,305,150,472
KipKuilW (146).jpg,1062,598,chicken,75,60,159,240
Egg (94).jpg,326,580,egg,135,95,202,148
sybrog_img (25).jpg,1200,1600,egg,589,761,665,812
sybrog_img (25).jpg,1200,1600,tray,481,512,771,721
egg (3).jpg,580,326,egg,305,85,323,102
Kip (89).jpg,374,664,chicken,118,226,208,342
egg (43).jpg,580,326,egg,347,83,364,97
Egg (98).jpg,326,580,egg,162,280,203,323
sybrog_img (55).jpg,1200,1600,tray,259,512,491,716
harmniels_img (18).jpg,504,378,egg,232,152,289,216
egg (17).jpg,580,326,egg,318,79,339,97
CupTray (108).jpg,1062,598,cup,487,431,525,478
Egg (181).jpg,374,664,egg,96,10,324,250
KipKuilW (104).jpg,1062,598,chicken,115,296,267,456
egg (62).jpg,580,326,egg,290,113,303,128
Egg (110).jpg,580,326,egg,492,101,547,153
egg (15).jpg,580,326,egg,317,96,337,113
sybrog_img (1).jpg,1200,1600,tray,437,563,778,821
KipKuilW (139).jpg,1062,598,chicken,269,200,320,344
egg (39).jpg,580,326,egg,284,78,301,95
red_tray (14).jpg,504,378,tray,114,104,341,276
EggW (5).jpg,598,1062,egg,256,565,331,632
CupTray (41).jpg,1062,598,cup,43,311,192,476
Egg (169).jpg,580,326,egg,271,60,348,124
Egg (169).jpg,580,326,egg,296,24,348,63
egg (65).jpg,580,326,egg,304,120,322,137
CupTray (51).jpg,1062,598,tray,604,248,811,431
KipKuilW (38).jpg,1062,598,chicken,67,269,206,489
egg (64).jpg,580,326,egg,290,118,315,136
Kip (20).jpg,374,664,chicken,78,191,348,523
harmniels_img (28).jpg,504,378,egg,35,134,134,209
CupTray (65).jpg,1062,598,cup,300,379,427,539
CupTray (65).jpg,1062,598,tray,759,142,987,328
CupTray (50).jpg,1062,598,tray,603,239,819,427
KipKuilW (53).jpg,1062,598,chicken,446,254,555,361
Egg (129).jpg,580,326,egg,320,116,361,156
egg (26).jpg,580,326,egg,304,63,325,82
CupTray (82).jpg,1062,598,tray,115,187,450,432
egg (14).jpg,580,326,egg,306,102,331,122
CupTray (79).jpg,1062,598,tray,25,182,374,436
training_klaas (36).jpg,580,326,stairs,156,1,430,326
KipKuilW (159).jpg,1062,598,chicken,305,232,407,353
Kip (41).jpg,374,664,chicken,40,260,235,479
CupTray (20).jpg,1062,598,cup,572,311,677,450
CupTray (20).jpg,1062,598,tray,583,63,745,250
KipKuilW (113).jpg,1062,598,chicken,552,324,653,469
Egg (164).jpg,374,664,egg,81,121,320,321
KipKuilW (45).jpg,1062,598,chicken,669,237,780,362
Egg (156).jpg,374,664,egg,1,371,161,542
KipKuilW (173).jpg,1062,598,chicken,395,104,599,337
KipKuilW (43).jpg,1062,598,chicken,100,219,231,359
KipKuilW (13).jpg,1062,598,chicken,411,213,593,555
KipKuilW (155).jpg,1062,598,chicken,362,157,461,274
harmniels_img (1).jpg,504,378,egg,135,115,293,254
harmniels_img (1).jpg,504,378,egg,260,90,397,205
KipKuilW (149).jpg,1062,598,chicken,372,66,478,193
Egg (8).jpg,374,664,egg,157,300,275,398
KipKuilW (62).jpg,1062,598,chicken,529,197,645,315
harmniels_img (53).jpg,504,378,egg,82,68,139,114
harmniels_img (53).jpg,504,378,egg,320,66,381,125
harmniels_img (53).jpg,504,378,cup,187,19,263,120
CupTray (96).jpg,1062,598,cup,54,232,156,349
CupTray (96).jpg,1062,598,tray,319,13,523,172
Egg (82).jpg,326,580,egg,170,245,265,331
CupTray (48).jpg,1062,598,tray,262,202,475,403
KipKuilW (103).jpg,1062,598,chicken,177,286,312,440
CupTray (60).jpg,1062,598,tray,621,169,844,382
Egg (211).jpg,580,326,egg,334,167,384,213
Kip (49).jpg,374,664,chicken,161,240,267,500
Egg (106).jpg,580,326,egg,294,145,331,187
Kip (42).jpg,374,664,chicken,46,267,233,475
Egg (157).jpg,374,664,egg,115,295,275,418
Kip (70).jpg,374,664,chicken,91,199,215,342
Egg (170).jpg,580,326,egg,272,65,349,126
Egg (170).jpg,580,326,egg,299,31,349,71
CupTray (67).jpg,1062,598,cup,452,407,541,529
CupTray (67).jpg,1062,598,tray,887,186,1062,359
CupTray (97).jpg,1062,598,tray,346,402,541,555
harmniels_img (3).jpg,504,378,egg,84,110,273,282
harmniels_img (3).jpg,504,378,egg,215,68,383,199
Egg (88).jpg,326,580,egg,33,32,326,277
KipKuilW (93).jpg,1062,598,chicken,115,202,244,355
Kip (74).jpg,374,664,chicken,94,284,259,430
KipKuilW (72).jpg,1062,598,chicken,788,225,900,399
wytze_imgA (10).jpg,664,374,tray,41,34,440,339
Kip (24).jpg,374,664,chicken,53,144,218,387
wytze_imgA (73).jpg,374,664,egg,163,359,209,411
Egg (136).jpg,580,326,egg,326,59,364,115
harmniels_img (59).jpg,378,504,egg,143,110,230,181
harmniels_img (59).jpg,378,504,egg,160,327,237,397
wytze_imgA (38).jpg,664,374,egg,146,127,275,241
Egg (148).jpg,374,664,egg,154,255,254,374
Kip (32).jpg,374,664,chicken,85,319,374,661
harmniels_img (5).jpg,504,378,egg,139,143,322,308
harmniels_img (5).jpg,504,378,egg,247,87,407,219
Kip (92).jpg,374,664,chicken,95,255,235,428
CupTray (52).jpg,1062,598,cup,498,407,620,569
Egg (175).jpg,374,664,egg,151,302,246,441
Egg (162).jpg,374,664,egg,1,111,349,435
Kip (29).jpg,374,664,chicken,21,133,290,453
KipKuilW (46).jpg,1062,598,chicken,883,257,1005,397
Egg (118).jpg,326,580,egg,92,280,173,352
Egg (29).jpg,374,664,egg,121,338,225,420
wytze_imgA (50).jpg,664,374,tray,178,3,544,182
Kip (33).jpg,374,664,chicken,1,296,242,616
sybrog_img (42).jpg,1200,1600,egg,744,769,811,818
sybrog_img (42).jpg,1200,1600,tray,791,602,1061,814
harmniels_img (24).jpg,504,378,egg,236,70,301,141
red_tray (12).jpg,504,378,tray,145,86,387,293
Kip (26).jpg,374,664,chicken,81,145,233,364
CupTray (80).jpg,1062,598,tray,72,187,409,431
red_tray (21).jpg,504,378,tray,158,25,379,229
Egg (34).jpg,664,374,egg,231,173,330,256
Egg (120).jpg,326,580,egg,67,197,201,310
red_tray (27).jpg,504,378,tray,195,85,328,195
CupTray (98).jpg,1062,598,cup,492,428,528,473
Egg (119).jpg,326,580,egg,55,207,200,335
KipKuilW (70).jpg,1062,598,chicken,870,338,1011,480
training_klaas (24).jpg,580,326,stairs,1,1,579,326
Egg (190).jpg,580,326,egg,211,84,275,132
red_tray (24).jpg,504,378,tray,197,100,307,180
Egg (179).jpg,374,664,egg,94,231,241,405
Kip (23).jpg,374,664,chicken,131,187,288,387
harmniels_img (55).jpg,378,504,egg,184,193,226,230
harmniels_img (55).jpg,378,504,egg,195,305,239,344
KipKuilW (83).jpg,1062,598,chicken,743,387,837,540
egg (29).jpg,580,326,egg,352,76,371,91
egg (61).jpg,580,326,egg,322,110,337,124
Egg (40).jpg,374,664,egg,172,279,272,395
Kip (44).jpg,374,664,chicken,33,259,263,499
wytze_imgA (32).jpg,664,374,egg,273,150,348,222
Egg (208).jpg,580,326,egg,336,137,379,184
sybrog_img (44).jpg,1200,1600,egg,521,543,583,602
sybrog_img (44).jpg,1200,1600,tray,552,399,788,560
KipKuilW (127).jpg,1062,598,chicken,1,399,133,591
CupTray (29).jpg,1062,598,cup,518,340,586,437
CupTray (29).jpg,1062,598,tray,612,186,782,331
Egg (91).jpg,326,580,egg,48,140,94,188
red_tray (16).jpg,504,378,tray,15,9,482,253
KipKuilW (28).jpg,1062,598,chicken,380,264,617,523
wytze_imgA (76).jpg,374,664,egg,121,391,167,426
Egg (71).jpg,326,580,egg,107,233,233,331
egg (2).jpg,580,326,egg,290,60,310,75
Egg (199).jpg,580,326,egg,270,96,323,135
sybrog_img (26).jpg,1200,1600,egg,628,704,701,758
sybrog_img (26).jpg,1200,1600,tray,552,465,825,680
KipKuilW (66).jpg,1062,598,chicken,755,350,883,479
Kip (78).jpg,374,664,chicken,66,338,282,530
Egg (87).jpg,326,580,egg,25,30,326,281
Egg (155).jpg,374,664,egg,60,272,261,412
Egg (78).jpg,326,580,egg,50,96,165,223
harmniels_img (2).jpg,504,378,egg,131,120,273,244
harmniels_img (2).jpg,504,378,egg,243,103,367,210
CupTray (10).jpg,1062,598,tray,496,299,719,523
Egg (171).jpg,580,326,egg,288,110,373,176
Egg (171).jpg,580,326,egg,345,51,403,98
KipKuilW (9).jpg,1062,598,chicken,396,341,573,567
Egg (160).jpg,580,326,egg,120,120,174,184
Egg (160).jpg,580,326,egg,335,103,385,166
Egg (86).jpg,580,326,egg,485,79,578,243
Egg (209).jpg,580,326,egg,336,156,381,204
KipKuilW (131).jpg,1062,598,chicken,444,190,496,318
Kip (34).jpg,374,664,chicken,1,210,198,619
wytze_imgA (28).jpg,664,374,tray,1,29,430,374
egg (18).jpg,580,326,egg,298,73,318,90
wytze_imgA (20).jpg,664,374,egg,112,206,178,258
wytze_imgA (20).jpg,664,374,tray,285,57,456,210
Egg (149).jpg,580,326,egg,281,30,343,84
Egg (20).jpg,374,664,egg,149,279,185,326
Egg (20).jpg,374,664,egg,175,261,212,302
sybrog_img (49).jpg,1200,1600,tray,505,326,820,538
harmniels_img (33).jpg,504,378,egg,1,156,47,255
EggW (1).jpg,598,1062,egg,265,605,312,660
CupTray (1).jpg,1062,598,tray,408,190,601,370
egg (56).jpg,580,326,egg,289,115,315,136
CupTray (86).jpg,1062,598,cup,121,336,180,414
CupTray (86).jpg,1062,598,tray,367,235,512,346
Kip (67).jpg,374,664,chicken,68,164,184,308
egg (20).jpg,580,326,egg,271,106,292,122
Egg (215).jpg,580,326,egg,268,140,341,196
wytze_imgA (75).jpg,374,664,egg,183,366,220,409
Egg (19).jpg,374,664,egg,23,320,223,569
KipKuilW (158).jpg,1062,598,chicken,296,231,398,346
wytze_imgA (67).jpg,664,374,tray_front,304,97,352,140
KipKuilW (100).jpg,1062,598,chicken,640,263,849,505
CupTray (62).jpg,1062,598,tray,516,264,784,502
Kip (63).jpg,374,664,chicken,123,197,210,298
KipKuilW (156).jpg,1062,598,chicken,309,202,413,317
Egg (79).jpg,326,580,egg,34,91,155,217
harmniels_img (20).jpg,504,378,egg,191,73,267,160
CupTray (91).jpg,1062,598,cup,869,405,932,489
KipKuilW (3).jpg,1062,598,chicken,482,278,650,501
red_tray (13).jpg,504,378,tray,122,86,345,251
egg (31).jpg,580,326,egg,315,71,328,84
training_klaas (1).jpg,326,580,stairs,48,137,294,433
Egg (197).jpg,326,580,egg,48,260,230,403
harmniels_img (43).jpg,378,504,egg,91,173,145,240
harmniels_img (43).jpg,378,504,egg,273,178,321,243
Kip (95).jpg,374,664,chicken,63,179,318,509
Kip (95).jpg,374,664,tray,65,353,319,611
KipKuilW (57).jpg,1062,598,chicken,381,237,504,352
CupTray (8).jpg,1062,598,tray,413,325,647,578
wytze_imgA (59).jpg,664,374,egg,294,244,359,296
CupTray (36).jpg,1062,598,cup,678,443,769,549
CupTray (36).jpg,1062,598,tray,1,241,140,421
Egg (154).jpg,374,664,egg,78,265,184,366
sybrog_img (8).jpg,1200,1600,egg,406,675,477,734
egg (12).jpg,580,326,egg,312,95,332,112
Egg (177).jpg,580,326,egg,278,22,349,103
Egg (177).jpg,580,326,egg,350,16,419,96
wytze_imgA (15).jpg,664,374,tray,150,7,469,231
training_klaas (5).jpg,580,326,stairs,43,1,471,222
harmniels_img (6).jpg,504,378,egg,253,135,395,252
harmniels_img (6).jpg,504,378,egg,176,215,328,349
wytze_imgA (57).jpg,664,374,egg,320,241,397,304
Egg (2).jpg,374,664,egg,120,270,244,396
Kip (83).jpg,374,664,chicken,137,281,237,410
CupTray (7).jpg,1062,598,tray,486,276,650,468
Egg (18).jpg,374,664,egg,74,301,167,416
KipKuilW (89).jpg,1062,598,chicken,34,403,161,563
KipKuilW (162).jpg,1062,598,chicken,395,236,491,348
CupTray (78).jpg,1062,598,tray,2,182,340,441
harmniels_img (25).jpg,504,378,egg,207,123,262,195
Egg (92).jpg,326,580,egg,153,189,203,231
CupTray (53).jpg,1062,598,cup,406,161,587,399
CupTray (53).jpg,1062,598,tray,897,1,1062,148
Kip (68).jpg,374,664,chicken,81,185,190,326
Kip (82).jpg,374,664,chicken,35,240,216,471
Egg (245).jpg,580,326,egg,297,100,420,204
Egg (213).jpg,580,326,egg,335,167,389,208
Kip (76).jpg,374,664,chicken,59,301,271,478
Egg (153).jpg,374,664,egg,158,292,280,400
training_klaas (15).jpg,580,326,stairs,98,1,462,224
sybrog_img (48).jpg,1200,1600,tray,383,438,686,663
sybrog_img (6).jpg,1200,1600,egg,437,629,521,700
wytze_imgA (60).jpg,664,374,egg,314,216,374,268
sybrog_img (39).jpg,1200,1600,egg,518,890,599,954
sybrog_img (39).jpg,1200,1600,tray,539,626,896,894
Kip (69).jpg,374,664,chicken,2,189,203,421
egg (6).jpg,580,326,egg,286,110,300,125
sybrog_img (65).jpg,1200,1600,tray,464,675,803,926
Kip (16).jpg,374,664,chicken,43,164,276,447
harmniels_img (9).jpg,504,378,egg,214,169,338,276
harmniels_img (9).jpg,504,378,egg,281,99,412,199
harmniels_img (27).jpg,504,378,egg,128,138,220,214
harmniels_img (27).jpg,504,378,egg,297,146,391,217
harmniels_img (23).jpg,504,378,egg,244,85,320,180
Egg (205).jpg,580,326,egg,283,156,336,217
Egg (81).jpg,326,580,egg,165,245,260,330
egg (53).jpg,580,326,egg,299,98,317,113
egg (66).jpg,580,326,egg,319,118,338,133
wytze_imgA (61).jpg,664,374,egg,440,180,519,253
wytze_imgA (5).jpg,664,374,tray,266,2,498,174
egg (34).jpg,580,326,egg,292,79,311,93
KipKuilW (148).jpg,1062,598,chicken,246,71,315,228
training_klaas (2).jpg,326,580,stairs,29,131,281,437
CupTray (103).jpg,1062,598,cup,472,255,509,302
Egg (248).jpg,580,326,egg,280,116,432,224
harmniels_img (49).jpg,504,378,egg,191,77,238,116
harmniels_img (49).jpg,504,378,egg,311,87,351,120
Kip (60).jpg,374,664,chicken,25,140,289,429
Egg (163).jpg,374,664,egg,48,135,281,314
Egg (201).jpg,580,326,egg,311,51,390,120
egg (30).jpg,580,326,egg,316,90,331,104
Egg (182).jpg,664,374,egg,1,1,307,263
wytze_imgA (26).jpg,664,374,egg,281,168,321,211
wytze_imgA (26).jpg,664,374,tray,175,62,481,318
egg (55).jpg,580,326,egg,341,74,356,89
Egg (27).jpg,374,664,egg,49,201,288,442
red_tray (26).jpg,504,378,tray,208,101,304,194
egg (52).jpg,580,326,egg,316,77,336,98
wytze_imgA (49).jpg,664,374,tray,215,61,443,221
Egg (99).jpg,374,664,egg,182,314,226,372
Kip (81).jpg,374,664,chicken,116,237,253,426
Kip (28).jpg,374,664,chicken,78,163,307,410
sybrog_img (40).jpg,1200,1600,egg,775,1050,844,1105
sybrog_img (40).jpg,1200,1600,tray,813,877,1098,1077
Egg (150).jpg,374,664,egg,106,293,220,405
CupTray (30).jpg,1062,598,cup,812,359,921,469
CupTray (30).jpg,1062,598,tray,103,154,294,323
KipKuilW (15).jpg,1062,598,chicken,420,218,597,561
Egg (216).jpg,580,326,egg,265,129,369,208
Egg (161).jpg,580,326,egg,178,156,226,220
Egg (161).jpg,580,326,egg,355,120,406,172
Kip (38).jpg,374,664,chicken,36,188,300,444
KipKuilW (130).jpg,1062,598,chicken,371,217,420,346
CupTray (99).jpg,1062,598,cup,491,313,527,356
training_klaas (31).jpg,580,326,stairs,105,1,448,151
wytze_imgA (53).jpg,664,374,egg,288,159,337,197
sybrog_img (54).jpg,1200,1600,tray,525,460,761,768
Egg (26).jpg,374,664,egg,77,328,188,449
Egg (69).jpg,326,580,egg,110,266,235,369
wytze_imgA (62).jpg,664,374,egg,298,190,395,261
KipKuilW (144).jpg,1062,598,chicken,93,53,178,222
CupTray (6).jpg,1062,598,tray,502,253,707,427
Egg (147).jpg,374,664,egg,133,283,231,403
KipKuilW (132).jpg,1062,598,chicken,519,206,566,329
egg (49).jpg,580,326,egg,323,79,340,93
training_klaas (25).jpg,580,326,stairs,38,1,580,325
egg (5).jpg,580,326,egg,265,83,281,101
Egg (134).jpg,580,326,egg,291,95,333,150
wytze_imgA (6).jpg,664,374,tray,202,6,490,260
harmniels_img (45).jpg,504,378,egg,1,86,171,237
harmniels_img (45).jpg,504,378,egg,228,49,310,124
KipKuilW (74).jpg,1062,598,chicken,874,235,996,411
harmniels_img (10).jpg,504,378,egg,169,262,278,350
harmniels_img (10).jpg,504,378,egg,204,184,323,274
CupTray (34).jpg,1062,598,cup,598,444,684,567
red_tray (1).jpg,504,378,tray,198,48,365,265
red_tray (1).jpg,504,378,egg,257,135,292,169
wytze_imgA (44).jpg,664,374,tray,122,1,508,374
training_klaas (11).jpg,580,326,stairs,102,1,500,92
KipKuilW (41).jpg,1062,598,chicken,219,190,363,364
training_klaas (46).jpg,580,326,egg,274,245,311,288
CupTray (102).jpg,1062,598,cup,486,542,523,591
training_klaas (10).jpg,580,326,stairs,39,1,580,286
egg (28).jpg,580,326,egg,294,69,314,86
CupTray (40).jpg,1062,598,cup,733,280,862,428
Kip (22).jpg,374,664,chicken,141,234,261,371
wytze_imgA (1).jpg,374,664,egg,32,115,323,349
training_klaas (37).jpg,580,326,stairs,173,1,458,269
KipKuilW (31).jpg,1062,598,chicken,185,196,409,514
egg (8).jpg,580,326,egg,323,104,341,119
Egg (93).jpg,326,580,egg,157,196,208,238
Kip (65).jpg,374,664,chicken,65,180,185,322
Egg (108).jpg,580,326,egg,243,18,297,68
wytze_imgA (66).jpg,664,374,tray_left,300,98,335,143
Egg (176).jpg,580,326,egg,300,110,353,174
Egg (176).jpg,580,326,egg,353,105,409,169
KipKuilW (128).jpg,1062,598,chicken,245,215,390,430
CupTray (28).jpg,1062,598,cup,590,335,666,443
CupTray (28).jpg,1062,598,tray,642,172,792,322
training_klaas (34).jpg,580,326,stairs,50,61,449,265
training_klaas (13).jpg,580,326,stairs,108,1,506,223
Egg (143).jpg,580,326,egg,141,69,178,115
egg (10).jpg,580,326,egg,269,75,288,93
KipKuilW (98).jpg,1062,598,chicken,382,265,598,502
egg (59).jpg,580,326,egg,347,138,364,151
KipKuilW (26).jpg,1062,598,chicken,436,203,642,444
KipKuilW (143).jpg,1062,598,chicken,22,287,82,430
